name,link,letter_name
African-American women in computer science,/wiki/African-American_women_in_computer_science,.
Alissa Jay Abdullah,/wiki/Alissa_Jay_Abdullah,A
Maya Ackerman,/wiki/Maya_Ackerman,A
Sibel Adalı,/wiki/Sibel_Adal%C4%B1,A
Tülay Adalı,/wiki/T%C3%BClay_Adal%C4%B1,A
Jeanne Clare Adams,/wiki/Jeanne_Clare_Adams,A
Sarita Adve,/wiki/Sarita_Adve,A
Anastasia Ailamaki,/wiki/Anastasia_Ailamaki,A
Rama Akkiraju,/wiki/Rama_Akkiraju,A
Frances Allen,/wiki/Frances_Allen,A
Sarah Allen (software developer),/wiki/Sarah_Allen_(software_developer),A
Ilkay Altintas,/wiki/Ilkay_Altintas,A
Nancy M. Amato,/wiki/Nancy_M._Amato,A
Nina Amenta,/wiki/Nina_Amenta,A
Anima Anandkumar,/wiki/Anima_Anandkumar,A
Dana Angluin,/wiki/Dana_Angluin,A
Anuradha Annaswamy,/wiki/Anuradha_Annaswamy,A
Lisa Anthony,/wiki/Lisa_Anthony,A
Annie Antón,/wiki/Annie_Ant%C3%B3n,A
Kathleen Antonelli,/wiki/Kathleen_Antonelli,A
Cecilia R. Aragon,/wiki/Cecilia_R._Aragon,A
Andrea Arpaci-Dusseau,/wiki/Andrea_Arpaci-Dusseau,A
Winifred Asprey,/wiki/Winifred_Asprey,A
Donna Auguste,/wiki/Donna_Auguste,A
Henriette Avram,/wiki/Henriette_Avram,A
Rebecca Bace,/wiki/Rebecca_Bace,B
Ruzena Bajcsy,/wiki/Ruzena_Bajcsy,B
Brenda Baker,/wiki/Brenda_Baker,B
Erica Baker,/wiki/Erica_Baker,B
Magdalena Bałazińska,/wiki/Magdalena_Ba%C5%82azi%C5%84ska,B
Maria-Florina Balcan,/wiki/Maria-Florina_Balcan,B
Sujata Banerjee,/wiki/Sujata_Banerjee,B
Shaowen Bardzell,/wiki/Shaowen_Bardzell,B
Valerie Barr,/wiki/Valerie_Barr,B
Jean Bartik,/wiki/Jean_Bartik,B
Regina Barzilay,/wiki/Regina_Barzilay,B
Madeleine Bates,/wiki/Madeleine_Bates,B
Leilani Battle,/wiki/Leilani_Battle,B
Alice Bean,/wiki/Alice_Bean,B
Cynthia Beath,/wiki/Cynthia_Beath,B
Elizabeth Belding,/wiki/Elizabeth_Belding,B
Terry Benzel,/wiki/Terry_Benzel,B
Evelyn Berezin,/wiki/Evelyn_Berezin,B
Bonnie Berger,/wiki/Bonnie_Berger,B
Marsha Berger,/wiki/Marsha_Berger,B
Francine Berman,/wiki/Francine_Berman,B
Carlotta Berry,/wiki/Carlotta_Berry,B
Gina Bianchini,/wiki/Gina_Bianchini,B
Kim Binsted,/wiki/Kim_Binsted,B
Rachel Binx,/wiki/Rachel_Binx,B
Mary Blue,/wiki/Mary_Blue,B
Dorothy Blum,/wiki/Dorothy_Blum,B
Lenore Blum,/wiki/Lenore_Blum,B
Sharla Boehm,/wiki/Sharla_Boehm,B
Gloria Bolotsky,/wiki/Gloria_Bolotsky,B
Alexandra Boltasseva,/wiki/Alexandra_Boltasseva,B
Anita Borg,/wiki/Anita_Borg,B
Lorraine Borman,/wiki/Lorraine_Borman,B
Katie Bouman,/wiki/Katie_Bouman,B
Aisha Bowe,/wiki/Aisha_Bowe,B
Joan Boyar,/wiki/Joan_Boyar,B
Elette Boyle,/wiki/Elette_Boyle,B
Elizabeth Bradley (mathematician and rower),/wiki/Elizabeth_Bradley_(mathematician_and_rower),B
Khalia Braswell,/wiki/Khalia_Braswell,B
Johanna Brewer,/wiki/Johanna_Brewer,B
Tamara Broderick,/wiki/Tamara_Broderick,B
Carla Brodley,/wiki/Carla_Brodley,B
Meredith Broussard,/wiki/Meredith_Broussard,B
Deborah Washington Brown,/wiki/Deborah_Washington_Brown,B
Maxine D. Brown,/wiki/Maxine_D._Brown,B
Quincy K. Brown,/wiki/Quincy_K._Brown,B
A. J. Brush,/wiki/A._J._Brush,B
Kimberly Bryant (technologist),/wiki/Kimberly_Bryant_(technologist),B
Joy Buolamwini,/wiki/Joy_Buolamwini,B
Margaret Burnett,/wiki/Margaret_Burnett,B
Terri Burns,/wiki/Terri_Burns,B
Margaret K. Butler,/wiki/Margaret_K._Butler,B
L. Jean Camp,/wiki/L._Jean_Camp,C
Tracy Camp,/wiki/Tracy_Camp,C
Octavia Camps,/wiki/Octavia_Camps,C
Mihaela Cardei,/wiki/Mihaela_Cardei,C
Claire Cardie,/wiki/Claire_Cardie,C
Anita Carleton,/wiki/Anita_Carleton,C
Doris Carver,/wiki/Doris_Carver,C
Karen Catlin,/wiki/Karen_Catlin,C
Erin Wolf Chambers,/wiki/Erin_Wolf_Chambers,C
Barbara Chapman,/wiki/Barbara_Chapman,C
Shuchi Chawla,/wiki/Shuchi_Chawla,C
Jennifer Tour Chayes,/wiki/Jennifer_Tour_Chayes,C
Yiling Chen,/wiki/Yiling_Chen,C
Yingying Chen,/wiki/Yingying_Chen,C
Maggie Cheng,/wiki/Maggie_Cheng,C
Lorinda Cherry,/wiki/Lorinda_Cherry,C
Yuejie Chi,/wiki/Yuejie_Chi,C
Vivian Chu,/wiki/Vivian_Chu,C
Chen-Nee Chuah,/wiki/Chen-Nee_Chuah,C
Rumi Chunara,/wiki/Rumi_Chunara,C
Judy Clapp,/wiki/Judy_Clapp,C
Lori A. Clarke,/wiki/Lori_A._Clarke,C
Elaine Cohen,/wiki/Elaine_Cohen,C
Myra B. Cohen,/wiki/Myra_B._Cohen,C
Sunny Consolvo,/wiki/Sunny_Consolvo,C
Lynn Conway,/wiki/Lynn_Conway,C
Diane J. Cook,/wiki/Diane_J._Cook,C
Danese Cooper,/wiki/Danese_Cooper,C
Corinna Cortes,/wiki/Corinna_Cortes,C
Lisa Costa,/wiki/Lisa_Costa,C
Harriet Coverston,/wiki/Harriet_Coverston,C
Lenore Cowen,/wiki/Lenore_Cowen,C
Marian Croak,/wiki/Marian_Croak,C
Carolina Cruz-Neira,/wiki/Carolina_Cruz-Neira,C
Leah Culver,/wiki/Leah_Culver,C
Janice E. Cuny,/wiki/Janice_E._Cuny,C
Mary Czerwinski,/wiki/Mary_Czerwinski,C
Raissa D'Souza,/wiki/Raissa_D%27Souza,D
Dilma Da Silva,/wiki/Dilma_Da_Silva,D
Teresa Abi-Nader Dahlberg,/wiki/Teresa_Abi-Nader_Dahlberg,D
Weili Dai,/wiki/Weili_Dai,D
Shaundra Daily,/wiki/Shaundra_Daily,D
Nell B. Dale,/wiki/Nell_B._Dale,D
Andrea Danyluk,/wiki/Andrea_Danyluk,D
Frederica Darema,/wiki/Frederica_Darema,D
Bita Daryabari,/wiki/Bita_Daryabari,D
Ruth A. David,/wiki/Ruth_A._David,D
Margaret Oakley Dayhoff,/wiki/Margaret_Oakley_Dayhoff,D
Ruth Dayhoff,/wiki/Ruth_Dayhoff,D
Munmun De Choudhury,/wiki/Munmun_De_Choudhury,D
Carole De Saram,/wiki/Carole_De_Saram,D
Rina Dechter,/wiki/Rina_Dechter,D
Ewa Deelman,/wiki/Ewa_Deelman,D
Andrea Delgado-Olson,/wiki/Andrea_Delgado-Olson,D
Dorothy E. Denning,/wiki/Dorothy_E._Denning,D
Marie desJardins,/wiki/Marie_desJardins,D
Karen Devine,/wiki/Karen_Devine,D
Lori Diachin,/wiki/Lori_Diachin,D
Tawanna Dillahunt,/wiki/Tawanna_Dillahunt,D
Wei Ding,/wiki/Wei_Ding,D
Betsy DiSalvo,/wiki/Betsy_DiSalvo,D
Judith Donath,/wiki/Judith_Donath,D
Xin Luna Dong,/wiki/Xin_Luna_Dong,D
Dongmei Zhang,/wiki/Dongmei_Zhang,D
Bonnie Dorr,/wiki/Bonnie_Dorr,D
Julie Dorsey,/wiki/Julie_Dorsey,D
Finale Doshi-Velez,/wiki/Finale_Doshi-Velez,D
Sarah Ann Douglas,/wiki/Sarah_Ann_Douglas,D
Allison Druin,/wiki/Allison_Druin,D
Joanne Bechta Dugan,/wiki/Joanne_Bechta_Dugan,D
Susan Dumais,/wiki/Susan_Dumais,D
Sandhya Dwarkadas,/wiki/Sandhya_Dwarkadas,D
Cynthia Dwork,/wiki/Cynthia_Dwork,D
Jennifer Dy,/wiki/Jennifer_Dy,D
Annie Easley,/wiki/Annie_Easley,E
Aubrey Edwards,/wiki/Aubrey_Edwards,E
Susan J. Eggers,/wiki/Susan_J._Eggers,E
Tamar Eilam,/wiki/Tamar_Eilam,E
Susan Eisenbach,/wiki/Susan_Eisenbach,E
Tina Eliassi-Rad,/wiki/Tina_Eliassi-Rad,E
Carla Ellis,/wiki/Carla_Ellis,E
Barbara Engelhardt,/wiki/Barbara_Engelhardt,E
Natalie Enright Jerger,/wiki/Natalie_Enright_Jerger,E
Margaret J. Eppstein,/wiki/Margaret_J._Eppstein,E
Funda Ergun,/wiki/Funda_Ergun,E
Deborah Estrin,/wiki/Deborah_Estrin,E
Thelma Estrin,/wiki/Thelma_Estrin,E
Sonia Fahmy,/wiki/Sonia_Fahmy,F
Joan Feigenbaum,/wiki/Joan_Feigenbaum,F
Danielle Feinberg,/wiki/Danielle_Feinberg,F
Adrienne Porter Felt,/wiki/Adrienne_Porter_Felt,F
Mary Fernández,/wiki/Mary_Fern%C3%A1ndez,F
Jeanne Ferrante,/wiki/Jeanne_Ferrante,F
Ellen Fetter,/wiki/Ellen_Fetter,F
Leah Findlater,/wiki/Leah_Findlater,F
Kathleen Fisher,/wiki/Kathleen_Fisher,F
Sally Floyd,/wiki/Sally_Floyd,F
Ida M. Flynn,/wiki/Ida_M._Flynn,F
Liz Fong-Jones,/wiki/Liz_Fong-Jones,F
Stephanie Forrest,/wiki/Stephanie_Forrest,F
Alexandra Illmer Forsythe,/wiki/Alexandra_Illmer_Forsythe,F
Margaret R. Fox,/wiki/Margaret_R._Fox,F
Phyllis Fox,/wiki/Phyllis_Fox,F
Sorelle Friedler,/wiki/Sorelle_Friedler,F
Batya Friedman,/wiki/Batya_Friedman,F
Joyce Friedman,/wiki/Joyce_Friedman,F
Carol Frieze,/wiki/Carol_Frieze,F
Deborah Frincke,/wiki/Deborah_Frincke,F
Andrea Frome,/wiki/Andrea_Frome,F
Ping Fu,/wiki/Ping_Fu,F
Jie Gao,/wiki/Jie_Gao,G
Rebecca Garcia (computer programmer),/wiki/Rebecca_Garcia_(computer_programmer),G
Timnit Gebru,/wiki/Timnit_Gebru,G
Lisa Gelobter,/wiki/Lisa_Gelobter,G
Susan Gerhart,/wiki/Susan_Gerhart,G
Judith Gersting,/wiki/Judith_Gersting,G
Ellen Gethner,/wiki/Ellen_Gethner,G
Lise Getoor,/wiki/Lise_Getoor,G
Yolanda Gil,/wiki/Yolanda_Gil,G
Anna C. Gilbert,/wiki/Anna_C._Gilbert,G
Maria L. Gini,/wiki/Maria_L._Gini,G
Mary Glackin,/wiki/Mary_Glackin,G
Jen Golbeck,/wiki/Jen_Golbeck,G
Evelyn Boyd Granville,/wiki/Evelyn_Boyd_Granville,G
Kristen Grauman,/wiki/Kristen_Grauman,G
Diane Greene,/wiki/Diane_Greene,G
Amy Greenwald,/wiki/Amy_Greenwald,G
Sheila Greibach,/wiki/Sheila_Greibach,G
Irene Greif,/wiki/Irene_Greif,G
Nancy D. Griffeth,/wiki/Nancy_D._Griffeth,G
Cindy Grimm,/wiki/Cindy_Grimm,G
Aarti Gupta (computer scientist),/wiki/Aarti_Gupta_(computer_scientist),G
Rona Gurkewitz,/wiki/Rona_Gurkewitz,G
Margaret Gurney,/wiki/Margaret_Gurney,G
Laura M. Haas,/wiki/Laura_M._Haas,H
Lois Haibt,/wiki/Lois_Haibt,H
Ashawna Hailey,/wiki/Ashawna_Hailey,H
Dilek Hakkani-Tür,/wiki/Dilek_Hakkani-T%C3%BCr,H
Mary Hall (computer scientist),/wiki/Mary_Hall_(computer_scientist),H
Ladan Shams,/wiki/Ladan_Shams,H
Susanne Hambrusch,/wiki/Susanne_Hambrusch,H
Margaret Hamilton (software engineer),/wiki/Margaret_Hamilton_(software_engineer),H
Jessica Hammer,/wiki/Jessica_Hammer,H
Dianne Hansford,/wiki/Dianne_Hansford,H
Vicki L. Hanson,/wiki/Vicki_L._Hanson,H
Mor Harchol-Balter,/wiki/Mor_Harchol-Balter,H
Pamela Hardt-English,/wiki/Pamela_Hardt-English,H
Ann Hardy,/wiki/Ann_Hardy,H
Donna Harman,/wiki/Donna_Harman,H
Margaret Helen Harper,/wiki/Margaret_Helen_Harper,H
Mary Jean Harrold,/wiki/Mary_Jean_Harrold,H
Soha Hassoun,/wiki/Soha_Hassoun,H
Catherine Havasi,/wiki/Catherine_Havasi,H
Mary K. Hawes,/wiki/Mary_K._Hawes,H
Paula Hawthorn,/wiki/Paula_Hawthorn,H
Barbara Hayes-Roth,/wiki/Barbara_Hayes-Roth,H
Caroline C. Hayes,/wiki/Caroline_C._Hayes,H
Gillian Hayes,/wiki/Gillian_Hayes,H
Marlene Hazle,/wiki/Marlene_Hazle,H
Marti Hearst,/wiki/Marti_Hearst,H
Sandra Mitchell Hedetniemi,/wiki/Sandra_Mitchell_Hedetniemi,H
Wendi Heinzelman,/wiki/Wendi_Heinzelman,H
Jane Helwig,/wiki/Jane_Helwig,H
Edith Hemaspaandra,/wiki/Edith_Hemaspaandra,H
Christine P. Hendon,/wiki/Christine_P._Hendon,H
Nadia Heninger,/wiki/Nadia_Heninger,H
Tara Hernandez,/wiki/Tara_Hernandez,H
MaryAnn Hill,/wiki/MaryAnn_Hill,H
Starr Roxanne Hiltz,/wiki/Starr_Roxanne_Hiltz,H
Julia Hirschberg,/wiki/Julia_Hirschberg,H
Tin Kam Ho,/wiki/Tin_Kam_Ho,H
Thea D. Hodge,/wiki/Thea_D._Hodge,H
Jessica Hodgins,/wiki/Jessica_Hodgins,H
Joanna Hoffman,/wiki/Joanna_Hoffman,H
Betty Holberton,/wiki/Betty_Holberton,H
Karen Holtzblatt,/wiki/Karen_Holtzblatt,H
Molly Holzschlag,/wiki/Molly_Holzschlag,H
Grace Hopper,/wiki/Grace_Hopper,H
Susan B. Horwitz,/wiki/Susan_B._Horwitz,H
Ayanna Howard,/wiki/Ayanna_Howard,H
Adele Howe,/wiki/Adele_Howe,H
Xiaobo Sharon Hu,/wiki/Xiaobo_Sharon_Hu,H
Cathy Hudgins,/wiki/Cathy_Hudgins,H
Jessica Hullman,/wiki/Jessica_Hullman,H
Sandra Hutchins,/wiki/Sandra_Hutchins,H
Mei-Yuh Hwang,/wiki/Mei-Yuh_Hwang,H
Lila Ibrahim,/wiki/Lila_Ibrahim,I
Nicole Immorlica,/wiki/Nicole_Immorlica,I
Victoria Interrante,/wiki/Victoria_Interrante,I
Lilly Irani,/wiki/Lilly_Irani,I
Mary Jane Irwin,/wiki/Mary_Jane_Irwin,I
Clementine Jacoby,/wiki/Clementine_Jacoby,J
Leah Jamieson,/wiki/Leah_Jamieson,J
Tara Javidi,/wiki/Tara_Javidi,J
Elizabeth Jessup,/wiki/Elizabeth_Jessup,J
Samantha John,/wiki/Samantha_John,J
Katherine Johnson,/wiki/Katherine_Johnson,J
Lynne Jolitz,/wiki/Lynne_Jolitz,J
Anita K. Jones,/wiki/Anita_K._Jones,J
Elva Jones,/wiki/Elva_Jones,J
Stacey Franklin Jones,/wiki/Stacey_Franklin_Jones,J
Nataša Jonoska,/wiki/Nata%C5%A1a_Jonoska,J
Deborah Joseph,/wiki/Deborah_Joseph,J
Leslie P. Kaelbling,/wiki/Leslie_P._Kaelbling,K
Delaram Kahrobaei,/wiki/Delaram_Kahrobaei,K
Yael Tauman Kalai,/wiki/Yael_Tauman_Kalai,K
Elaine Kant,/wiki/Elaine_Kant,K
Karrie Karahalios,/wiki/Karrie_Karahalios,K
Anna Karlin,/wiki/Anna_Karlin,K
Lydia Kavraki,/wiki/Lydia_Kavraki,K
Kate Keahey,/wiki/Kate_Keahey,K
Kimberly Keeton,/wiki/Kimberly_Keeton,K
Mary Kenneth Keller,/wiki/Mary_Kenneth_Keller,K
Wendy Kellogg,/wiki/Wendy_Kellogg,K
Julie A. Kientz,/wiki/Julie_A._Kientz,K
Maria Klawe,/wiki/Maria_Klawe,K
Amy J. Ko,/wiki/Amy_J._Ko,K
Tamara G. Kolda,/wiki/Tamara_G._Kolda,K
Daphne Koller,/wiki/Daphne_Koller,K
Janet L. Kolodner,/wiki/Janet_L._Kolodner,K
Jana Košecká,/wiki/Jana_Ko%C5%A1eck%C3%A1,K
Milly Koss,/wiki/Milly_Koss,K
Farinaz Koushanfar,/wiki/Farinaz_Koushanfar,K
Helene Kulsrud,/wiki/Helene_Kulsrud,K
Mary Lacity,/wiki/Mary_Lacity,L
Monica S. Lam,/wiki/Monica_S._Lam,L
Katie Lamb,/wiki/Katie_Lamb,L
Lori Lamel,/wiki/Lori_Lamel,L
Susan K. Land,/wiki/Susan_K._Land,L
Susan Landau,/wiki/Susan_Landau,L
Andrea LaPaugh,/wiki/Andrea_LaPaugh,L
Corinna E. Lathan,/wiki/Corinna_E._Lathan,L
Tessa Lau,/wiki/Tessa_Lau,L
Svetlana Lazebnik,/wiki/Svetlana_Lazebnik,L
Claire Le Goues,/wiki/Claire_Le_Goues,L
Duy-Loan Le,/wiki/Duy-Loan_Le,L
Bongshin Lee,/wiki/Bongshin_Lee,L
Crystal Lee,/wiki/Crystal_Lee,L
Cynthia Bailey Lee,/wiki/Cynthia_Bailey_Lee,L
Lillian Lee (computer scientist),/wiki/Lillian_Lee_(computer_scientist),L
Su-In Lee,/wiki/Su-In_Lee,L
Yoonkyung Lee,/wiki/Yoonkyung_Lee,L
Wendy Lehnert,/wiki/Wendy_Lehnert,L
Kristina Lerman,/wiki/Kristina_Lerman,L
Sandy Lerner,/wiki/Sandy_Lerner,L
Nancy Leveson,/wiki/Nancy_Leveson,L
Jaime Levy,/wiki/Jaime_Levy,L
Fei-Fei Li,/wiki/Fei-Fei_Li,L
Jia Li,/wiki/Jia_Li,L
Nancy Lieder,/wiki/Nancy_Lieder,L
Katrina Ligett,/wiki/Katrina_Ligett,L
Huijia (Rachel) Lin,/wiki/Huijia_(Rachel)_Lin,L
Barbara Liskov,/wiki/Barbara_Liskov,L
Diane Litman,/wiki/Diane_Litman,L
Joyce Currie Little,/wiki/Joyce_Currie_Little,L
Jane Liu,/wiki/Jane_Liu,L
Ling Liu (computer scientist),/wiki/Ling_Liu_(computer_scientist),L
Xin Liu (computer scientist),/wiki/Xin_Liu_(computer_scientist),L
Yang Liu (speech recognition),/wiki/Yang_Liu_(speech_recognition),L
Yanxi Liu,/wiki/Yanxi_Liu,L
Karen Livescu,/wiki/Karen_Livescu,L
Kimber Lockhart,/wiki/Kimber_Lockhart,L
Patricia D. Lopez,/wiki/Patricia_D._Lopez,L
Janice Lourie,/wiki/Janice_Lourie,L
Julie Beth Lovins,/wiki/Julie_Beth_Lovins,L
Mi Lu,/wiki/Mi_Lu,L
Stephanie Ludi,/wiki/Stephanie_Ludi,L
Robyn Lutz,/wiki/Robyn_Lutz,L
Nancy Lynch,/wiki/Nancy_Lynch,L
Anna Lysyanskaya,/wiki/Anna_Lysyanskaya,L
Karon MacLean,/wiki/Karon_MacLean,M
Urmila Mahadev,/wiki/Urmila_Mahadev,M
Fillia Makedon,/wiki/Fillia_Makedon,M
Dahlia Malkhi,/wiki/Dahlia_Malkhi,M
Tal Malkin,/wiki/Tal_Malkin,M
Allison Mankin,/wiki/Allison_Mankin,M
Jennifer Mankoff,/wiki/Jennifer_Mankoff,M
Miriam D. Mann,/wiki/Miriam_D._Mann,M
Mary Ann Mansigh,/wiki/Mary_Ann_Mansigh,M
Z. Morley Mao,/wiki/Z._Morley_Mao,M
Brandeis Marshall,/wiki/Brandeis_Marshall,M
C. Dianne Martin,/wiki/C._Dianne_Martin,M
Lynn Martin (banker),/wiki/Lynn_Martin_(banker),M
Margaret Martonosi,/wiki/Margaret_Martonosi,M
Alexia Massalin,/wiki/Alexia_Massalin,M
Maja Matarić,/wiki/Maja_Matari%C4%87,M
Yoky Matsuoka,/wiki/Yoky_Matsuoka,M
Robin Maxkii,/wiki/Robin_Maxkii,M
Marissa Mayer,/wiki/Marissa_Mayer,M
Allison McCoy,/wiki/Allison_McCoy,M
Lori McCreary,/wiki/Lori_McCreary,M
Gayle Laakmann McDowell,/wiki/Gayle_Laakmann_McDowell,M
Catherine McGeoch,/wiki/Catherine_McGeoch,M
Amy McGovern,/wiki/Amy_McGovern,M
Elaine M. McGraw,/wiki/Elaine_M._McGraw,M
Jessica McKellar,/wiki/Jessica_McKellar,M
Kathleen McKeown,/wiki/Kathleen_McKeown,M
Kathryn S. McKinley,/wiki/Kathryn_S._McKinley,M
Diana McSherry,/wiki/Diana_McSherry,M
Catherine Meadows,/wiki/Catherine_Meadows,M
Ulrike Meier Yang,/wiki/Ulrike_Meier_Yang,M
Marlyn Meltzer,/wiki/Marlyn_Meltzer,M
Rebecca Mercuri,/wiki/Rebecca_Mercuri,M
Jill P. Mesirov,/wiki/Jill_P._Mesirov,M
Miriah Meyer,/wiki/Miriah_Meyer,M
Rada Mihalcea,/wiki/Rada_Mihalcea,M
Jude Milhon,/wiki/Jude_Milhon,M
Renée Miller,/wiki/Ren%C3%A9e_Miller,M
Consuelo Milner,/wiki/Consuelo_Milner,M
Ruth Misener,/wiki/Ruth_Misener,M
Joan L. Mitchell,/wiki/Joan_L._Mitchell,M
Margaret Mitchell (scientist),/wiki/Margaret_Mitchell_(scientist),M
Barbara E. Moo,/wiki/Barbara_E._Moo,M
Charlotte Davis Mooers,/wiki/Charlotte_Davis_Mooers,M
Rebecca Moore (scientist),/wiki/Rebecca_Moore_(scientist),M
Jamie Morgenstern,/wiki/Jamie_Morgenstern,M
Meredith Ringel Morris,/wiki/Meredith_Ringel_Morris,M
Katherine Morse,/wiki/Katherine_Morse,M
Dana Moshkovitz,/wiki/Dana_Moshkovitz,M
Anca Mosoiu,/wiki/Anca_Mosoiu,M
Melba Roy Mouton,/wiki/Melba_Roy_Mouton,M
Tamara Munzner,/wiki/Tamara_Munzner,M
Robin Murphy,/wiki/Robin_Murphy,M
Dianne P. O'Leary,/wiki/Dianne_P._O%27Leary,O
Elizabeth O'Neil,/wiki/Elizabeth_O%27Neil,O
Sofia Ongele,/wiki/Sofia_Ongele,O
Elaine Oran,/wiki/Elaine_Oran,O
Angela Orebaugh,/wiki/Angela_Orebaugh,O
Una-May O'Reilly,/wiki/Una-May_O%27Reilly,O
Barbara Boucher Owens,/wiki/Barbara_Boucher_Owens,O
Susan Owicki,/wiki/Susan_Owicki,O
Fatma Özcan,/wiki/Fatma_%C3%96zcan,O
Leysia Palen,/wiki/Leysia_Palen,P
Martha Palmer,/wiki/Martha_Palmer,P
Cherri M. Pancake,/wiki/Cherri_M._Pancake,P
Karen Panetta,/wiki/Karen_Panetta,P
Haesun Park,/wiki/Haesun_Park,P
Andrea Grimes Parker,/wiki/Andrea_Grimes_Parker,P
Lynne Parker,/wiki/Lynne_Parker,P
Corina Păsăreanu,/wiki/Corina_P%C4%83s%C4%83reanu,P
Meredith L. Patterson,/wiki/Meredith_L._Patterson,P
Radia Perlman,/wiki/Radia_Perlman,P
Stormy Peters,/wiki/Stormy_Peters,P
Linda Petzold,/wiki/Linda_Petzold,P
Kathy Pham,/wiki/Kathy_Pham,P
Cynthia A. Phillips,/wiki/Cynthia_A._Phillips,P
Christine Piatko,/wiki/Christine_Piatko,P
Rosalind Picard,/wiki/Rosalind_Picard,P
Nichole Pinkard,/wiki/Nichole_Pinkard,P
Catherine Plaisant,/wiki/Catherine_Plaisant,P
Beth Plale,/wiki/Beth_Plale,P
Martha Pollack,/wiki/Martha_Pollack,P
Nancy Pollard,/wiki/Nancy_Pollard,P
Lori L. Pollock,/wiki/Lori_L._Pollock,P
Diane Pozefsky,/wiki/Diane_Pozefsky,P
Lorien Pratt,/wiki/Lorien_Pratt,P
Jenny Preece,/wiki/Jenny_Preece,P
Emily Mower Provost,/wiki/Emily_Mower_Provost,P
Teresa Przytycka,/wiki/Teresa_Przytycka,P
Hairong Qi,/wiki/Hairong_Qi,Q
Lili Qiu,/wiki/Lili_Qiu,Q
Bhuvana Ramabhadran,/wiki/Bhuvana_Ramabhadran,R
Vijaya Ramachandran,/wiki/Vijaya_Ramachandran,R
Allison Randal,/wiki/Allison_Randal,R
Dana Randall,/wiki/Dana_Randall,R
Sofya Raskhodnikova,/wiki/Sofya_Raskhodnikova,R
Elizabeth Rather,/wiki/Elizabeth_Rather,R
Corvida Raven,/wiki/Corvida_Raven,R
Kim Rees,/wiki/Kim_Rees,R
Carol E. Reiley,/wiki/Carol_E._Reiley,R
Jennifer Rexford,/wiki/Jennifer_Rexford,R
Joyce K. Reynolds,/wiki/Joyce_K._Reynolds,R
Penny Rheingans,/wiki/Penny_Rheingans,R
Ida Rhodes,/wiki/Ida_Rhodes,R
Elaine Rich,/wiki/Elaine_Rich,R
Andréa W. Richa,/wiki/Andr%C3%A9a_W._Richa,R
Nathalie Henry Riche,/wiki/Nathalie_Henry_Riche,R
Ellen Riloff,/wiki/Ellen_Riloff,R
Kris Rinne,/wiki/Kris_Rinne,R
Edwina Rissland,/wiki/Edwina_Rissland,R
Jane J. Robinson,/wiki/Jane_J._Robinson,R
Sibyl M. Rock,/wiki/Sibyl_M._Rock,R
Susan H. Rodger,/wiki/Susan_H._Rodger,R
Carolyn Rosé,/wiki/Carolyn_Ros%C3%A9,R
Arianna W. Rosenbluth,/wiki/Arianna_W._Rosenbluth,R
Tajana Rosing,/wiki/Tajana_Rosing,R
Jeanne W. Ross,/wiki/Jeanne_W._Ross,R
Mary Beth Rosson,/wiki/Mary_Beth_Rosson,R
Kristin Yvonne Rozier,/wiki/Kristin_Yvonne_Rozier,R
Ronitt Rubinfeld,/wiki/Ronitt_Rubinfeld,R
Cynthia Rudin,/wiki/Cynthia_Rudin,R
Daniela Rus,/wiki/Daniela_Rus,R
Holly Rushmeier,/wiki/Holly_Rushmeier,R
Barbara Falkenbach Ryan,/wiki/Barbara_Falkenbach_Ryan,R
Barbara G. Ryder,/wiki/Barbara_G._Ryder,R
Barna Saha,/wiki/Barna_Saha,S
Tara Sainath,/wiki/Tara_Sainath,S
Jean E. Sammet,/wiki/Jean_E._Sammet,S
Lucy Sanders,/wiki/Lucy_Sanders,S
Eunice Santos,/wiki/Eunice_Santos,S
Carla Savage,/wiki/Carla_Savage,S
Tamar Schlick,/wiki/Tamar_Schlick,S
Sarita Schoenebeck,/wiki/Sarita_Schoenebeck,S
Jean Scholtz,/wiki/Jean_Scholtz,S
Eve Schooler,/wiki/Eve_Schooler,S
Claire Kelly Schultz,/wiki/Claire_Kelly_Schultz,S
Lyndsey Scott,/wiki/Lyndsey_Scott,S
Patricia Selinger,/wiki/Patricia_Selinger,S
Margo Seltzer,/wiki/Margo_Seltzer,S
Stephanie Seneff,/wiki/Stephanie_Seneff,S
Phoebe Sengers,/wiki/Phoebe_Sengers,S
Nashlie Sephus,/wiki/Nashlie_Sephus,S
Amber Settle,/wiki/Amber_Settle,S
Komal Shah (art collector),/wiki/Komal_Shah_(art_collector),S
Hagit Shatkay,/wiki/Hagit_Shatkay,S
Cheryl L. Shavers,/wiki/Cheryl_L._Shavers,S
Judy Shaw,/wiki/Judy_Shaw,S
Mary Shaw (computer scientist),/wiki/Mary_Shaw_(computer_scientist),S
Chia Shen,/wiki/Chia_Shen,S
Elissa Shevinsky,/wiki/Elissa_Shevinsky,S
Elaine Shi,/wiki/Elaine_Shi,S
Sally Shlaer,/wiki/Sally_Shlaer,S
Liuba Shrira,/wiki/Liuba_Shrira,S
Mei-Ling Shyu,/wiki/Mei-Ling_Shyu,S
Candace Sidner,/wiki/Candace_Sidner,S
Hava Siegelmann,/wiki/Hava_Siegelmann,S
Deborah Silver,/wiki/Deborah_Silver,S
Ruth Silverman,/wiki/Ruth_Silverman,S
Barbara Simons,/wiki/Barbara_Simons,S
Kimmen Sjölander,/wiki/Kimmen_Sj%C3%B6lander,S
Sandra Slaughter,/wiki/Sandra_Slaughter,S
Evgenia Smirni,/wiki/Evgenia_Smirni,S
Mary Lou Soffa,/wiki/Mary_Lou_Soffa,S
Cynthia Solomon,/wiki/Cynthia_Solomon,S
Diane Souvaine,/wiki/Diane_Souvaine,S
Frances Spence,/wiki/Frances_Spence,S
Ellen Spertus,/wiki/Ellen_Spertus,S
Carol Spradling,/wiki/Carol_Spradling,S
Anna Squicciarini,/wiki/Anna_Squicciarini,S
Megan Squire,/wiki/Megan_Squire,S
Katherine St. John,/wiki/Katherine_St._John,S
Jessica Staddon,/wiki/Jessica_Staddon,S
Kate Starbird,/wiki/Kate_Starbird,S
Lauren States,/wiki/Lauren_States,S
Maureen C. Stone,/wiki/Maureen_C._Stone,S
Ileana Streinu,/wiki/Ileana_Streinu,S
Kathryn Strutynski,/wiki/Kathryn_Strutynski,S
Krysta Svore,/wiki/Krysta_Svore,S
Katia Sycara,/wiki/Katia_Sycara,S
Vivienne Sze,/wiki/Vivienne_Sze,S
Carolyn Talcott,/wiki/Carolyn_Talcott,T
Lydia Tapia,/wiki/Lydia_Tapia,T
Michela Taufer,/wiki/Michela_Taufer,T
Valerie Taylor (computer scientist),/wiki/Valerie_Taylor_(computer_scientist),T
Jaime Teevan,/wiki/Jaime_Teevan,T
Ruth Teitelbaum,/wiki/Ruth_Teitelbaum,T
My T. Thai,/wiki/My_T._Thai,T
Jakita O. Thomas,/wiki/Jakita_O._Thomas,T
Kaya Thomas,/wiki/Kaya_Thomas,T
Marina Thottan,/wiki/Marina_Thottan,T
Virginia Torczon,/wiki/Virginia_Torczon,T
Emina Torlak,/wiki/Emina_Torlak,T
Gloria Townsend,/wiki/Gloria_Townsend,T
Marilyn Tremaine,/wiki/Marilyn_Tremaine,T
Lina Trivedi,/wiki/Lina_Trivedi,T
Dana Ulery,/wiki/Dana_Ulery,U
Jayshree Ullal,/wiki/Jayshree_Ullal,U
Ellen Ullman,/wiki/Ellen_Ullman,U
Dorothy Vaughan,/wiki/Dorothy_Vaughan,V
Jennifer Wortman Vaughan,/wiki/Jennifer_Wortman_Vaughan,V
Nalini Venkatasubramanian,/wiki/Nalini_Venkatasubramanian,V
Vandi Verma,/wiki/Vandi_Verma,V
Mary K. Vernon,/wiki/Mary_K._Vernon,V
Poornima Vijayashanker,/wiki/Poornima_Vijayashanker,V
Olga Vitek,/wiki/Olga_Vitek,V
Ellen Voorhees,/wiki/Ellen_Voorhees,V
Kiri Wagstaff,/wiki/Kiri_Wagstaff,W
Marilyn Walker,/wiki/Marilyn_Walker,W
Hanna Wallach,/wiki/Hanna_Wallach,W
Laura Waller,/wiki/Laura_Waller,W
Guiling Wang,/wiki/Guiling_Wang,W
Niniane Wang,/wiki/Niniane_Wang,W
Yusu Wang,/wiki/Yusu_Wang,W
Tandy Warnow,/wiki/Tandy_Warnow,W
Alicia Nicki Washington,/wiki/Alicia_Nicki_Washington,W
Vera Watson,/wiki/Vera_Watson,W
Stephanie Weirich,/wiki/Stephanie_Weirich,W
Carola Wenk,/wiki/Carola_Wenk,W
Gladys West,/wiki/Gladys_West,W
Elaine Weyuker,/wiki/Elaine_Weyuker,W
Emily White (businesswoman),/wiki/Emily_White_(businesswoman),W
Telle Whitney,/wiki/Telle_Whitney,W
Mary Whitton,/wiki/Mary_Whitton,W
Jennifer Widom,/wiki/Jennifer_Widom,W
Janyce Wiebe,/wiki/Janyce_Wiebe,W
Lauren Wilcox,/wiki/Lauren_Wilcox,W
Jane Wilhelms,/wiki/Jane_Wilhelms,W
Mary Allen Wilkes,/wiki/Mary_Allen_Wilkes,W
Rebecca Willett,/wiki/Rebecca_Willett,W
Gail Williams,/wiki/Gail_Williams,W
Laurie Williams (software engineer),/wiki/Laurie_Williams_(software_engineer),W
Marsha Rhea Williams,/wiki/Marsha_Rhea_Williams,W
Virginia Vassilevska Williams,/wiki/Virginia_Vassilevska_Williams,W
Edith Windsor,/wiki/Edith_Windsor,W
Jeannette Wing,/wiki/Jeannette_Wing,W
Marianne Winslett,/wiki/Marianne_Winslett,W
Christina Wodtke,/wiki/Christina_Wodtke,W
Catherine G. Wolf,/wiki/Catherine_G._Wolf,W
Helen Chan Wolf,/wiki/Helen_Chan_Wolf,W
Helen M. Wood,/wiki/Helen_M._Wood,W
Allison Woodruff,/wiki/Allison_Woodruff,W
Beverly Park Woolf,/wiki/Beverly_Park_Woolf,W
Mary Wootters,/wiki/Mary_Wootters,W
Margaret H. Wright,/wiki/Margaret_H._Wright,W
Rebecca N. Wright,/wiki/Rebecca_N._Wright,W
Angela Y. Wu,/wiki/Angela_Y._Wu,W
Cathy H. Wu,/wiki/Cathy_H._Wu,W
Weili Wu,/wiki/Weili_Wu,W
Irma Wyman,/wiki/Irma_Wyman,W
Li Xiong (computer scientist),/wiki/Li_Xiong_(computer_scientist),X
Dianna Xu,/wiki/Dianna_Xu,X
Holly Yanco,/wiki/Holly_Yanco,Y
Yuanyuan Yang,/wiki/Yuanyuan_Yang,Y
